{"train/loss": 84808.2734375, "train/bits_per_dim": 1.3594719171524048, "train/mean_loss": 0.9423141479492188, "_timestamp": 1742658761.4174705, "_runtime": 67.0742564201355, "_step": 999, "_wandb": {"runtime": 67}}