{"train/loss": 83039.484375, "train/bits_per_dim": 1.3311183452606201, "train/mean_loss": 0.9226609468460083, "_timestamp": 1741004811.3654778, "_runtime": 118.88467288017273, "_step": 1001, "validation/loss": 83206.64544509747, "validation/bits_per_dim": 1.3336716890335083, "validation/mahalanobis_distance": 988.609375, "Reconstructed Images": {"_type": "image-file", "sha256": "5ed3614748f9388ae83dfc17808728f4f786edc6e66d7a38fe9314b84be53092", "size": 15937, "path": "media/images/Reconstructed Images_1001_5ed3614748f9388ae83d.png", "format": "png", "width": 800, "height": 400}, "_wandb": {"runtime": 118}}