{"train/loss": 9300.2529296875, "train/bits_per_dim": 0.14908254146575928, "train/mean_loss": 0.9300252795219421, "_timestamp": 1742655782.9691865, "_runtime": 37.81189155578613, "_step": 999, "_wandb": {"runtime": 37}}