{"train/loss": 9235.728515625, "train/bits_per_dim": 0.14804820716381073, "train/mean_loss": 0.923572838306427, "_timestamp": 1742655895.8794081, "_runtime": 34.27039122581482, "_step": 999, "_wandb": {"runtime": 33}}