{"train/loss": 83039.5625, "train/bits_per_dim": 1.3311195373535156, "train/mean_loss": 0.9226618409156799, "_timestamp": 1741004942.8084233, "_runtime": 113.61598825454712, "_step": 1001, "validation/loss": 83016.66451046446, "validation/bits_per_dim": 1.3318543434143066, "validation/mahalanobis_distance": 761.859375, "Reconstructed Images": {"_type": "image-file", "sha256": "cd7b719b0b280ae731ebe110feb52eb239119fb4fed757c4ced9f240402b2b80", "size": 15466, "path": "media/images/Reconstructed Images_1001_cd7b719b0b280ae731eb.png", "format": "png", "width": 800, "height": 400}, "_wandb": {"runtime": 113}}