{"train/loss": 82686.8515625, "train/bits_per_dim": 1.3254655599594116, "train/mean_loss": 0.9187427759170532, "_timestamp": 1742658974.5187833, "_runtime": 42.40296936035156, "_step": 999, "_wandb": {"runtime": 41}}