{"train/loss": 82627.09375, "train/bits_per_dim": 1.324507713317871, "train/mean_loss": 0.9180788397789001, "_timestamp": 1741009347.0498116, "_runtime": 987.5040245056152, "_step": 999, "_wandb": {"runtime": 987}}