{"train/loss": 82971.484375, "train/bits_per_dim": 1.3300282955169678, "train/mean_loss": 0.9219053983688354, "_timestamp": 1741004667.650321, "_runtime": 152.86694312095642, "_step": 1001, "validation/loss": 83040.85072032684, "validation/bits_per_dim": 1.33076012134552, "validation/mahalanobis_distance": 625.34375, "Reconstructed Images": {"_type": "image-file", "sha256": "fb03a748be420e2ecda0d0b173dd194055499292ae46d80556649ce3787621d8", "size": 13798, "path": "media/images/Reconstructed Images_1001_fb03a748be420e2ecda0.png", "format": "png", "width": 800, "height": 400}, "_wandb": {"runtime": 153}}