{"train/loss": 83047.078125, "train/bits_per_dim": 1.3312400579452515, "train/mean_loss": 0.9227453470230103, "_timestamp": 1741005076.6510956, "_runtime": 107.68817067146301, "_step": 1001, "validation/loss": 83006.87437284976, "validation/bits_per_dim": 1.331135869026184, "validation/mahalanobis_distance": 672.21875, "Reconstructed Images": {"_type": "image-file", "sha256": "4a5aac832b95ead753126299f8c91da9890d63c8db9d3af56ae1eb8d2f2d59ec", "size": 12882, "path": "media/images/Reconstructed Images_1001_4a5aac832b95ead75312.png", "format": "png", "width": 800, "height": 400}, "_wandb": {"runtime": 107}}