{"train/loss": 82980.03125, "train/bits_per_dim": 1.3301652669906616, "train/mean_loss": 0.9220003485679626, "_timestamp": 1741004667.7083955, "_runtime": 152.9261555671692, "_step": 1001, "validation/loss": 83463.11639908257, "validation/bits_per_dim": 1.3428133726119995, "validation/mahalanobis_distance": 2129.1875, "Reconstructed Images": {"_type": "image-file", "sha256": "b1eef2810650c045d657cdf11b7ef4e6d26d30c52b102b1b40836de942700fa3", "size": 19748, "path": "media/images/Reconstructed Images_1001_b1eef2810650c045d657.png", "format": "png", "width": 800, "height": 400}, "_wandb": {"runtime": 153}}