{"train/loss": 9186.1416015625, "train/bits_per_dim": 0.14725333452224731, "train/mahalanobis_distance": 59.9140625, "_timestamp": 1740489284.106713, "_runtime": 91.91088914871216, "_step": 999, "_wandb": {"runtime": 91}}