{"train/loss": 9285.095703125, "train/bits_per_dim": 0.1488395631313324, "_timestamp": 1740400935.0017354, "_runtime": 69.85478043556213, "_step": 1001, "validation/loss": 84125.54097978784, "validation/bits_per_dim": 1.3556045293807983, "Reconstructed Images": {"_type": "image-file", "sha256": "5516a62e9d1e36fd3f10a57e3ed865c8c335ddfd955fb850c5472a6e895fa0df", "size": 18396, "path": "media/images/Reconstructed Images_1001_5516a62e9d1e36fd3f10.png", "format": "png", "width": 800, "height": 400}, "_wandb": {"runtime": 69}}