{"train/loss": 83235.59375, "train/bits_per_dim": 1.3342618942260742, "train/mean_loss": 0.9248399138450623, "_timestamp": 1741004947.1393583, "_runtime": 113.27999019622803, "_step": 1001, "validation/loss": 83083.11367545872, "validation/bits_per_dim": 1.33401358127594, "validation/mahalanobis_distance": 1031.265625, "Reconstructed Images": {"_type": "image-file", "sha256": "f86b91591a9d70b4bbe3a51df0f4bc65057553fd10eb0702e65c221b0c5d5356", "size": 13210, "path": "media/images/Reconstructed Images_1001_f86b91591a9d70b4bbe3.png", "format": "png", "width": 800, "height": 400}, "_wandb": {"runtime": 113}}