{"train/loss": 81233.3125, "train/bits_per_dim": 1.3021655082702637, "train/mean_loss": 0.9025923609733582, "_timestamp": 1741013786.0448332, "_runtime": 119.49165511131287, "_step": 999, "_wandb": {"runtime": 119}}