{"train/loss": 82173.828125, "train/bits_per_dim": 1.317241907119751, "train/mean_loss": 0.9130425453186035, "_timestamp": 1741013846.7723613, "_runtime": 964.0164413452148, "_step": 999, "_wandb": {"runtime": 964}}