{"train/loss": 9199.734375, "train/bits_per_dim": 0.14747123420238495, "train/mean_loss": 0.9199734330177307, "_timestamp": 1742655723.5490696, "_runtime": 40.0995147228241, "_step": 999, "_wandb": {"runtime": 39}}