{"train/loss": 80910.2734375, "train/bits_per_dim": 1.2969871759414673, "train/mean_loss": 0.8990030288696289, "_timestamp": 1741013647.632893, "_runtime": 121.30359601974487, "_step": 999, "_wandb": {"runtime": 120}}