{"train/loss": 100204.546875, "train/bits_per_dim": 1.6062732934951782, "train/mean_loss": 1.1133838891983032, "_timestamp": 1741012735.4799583, "_runtime": 41.34176540374756, "_step": 0, "_wandb": {"runtime": 41}}