{"train/loss": 9202.1875, "train/bits_per_dim": 0.1475105583667755, "train/mean_loss": 0.9202187061309814, "_timestamp": 1741013717.3847334, "_runtime": 38.4241464138031, "_step": 999, "_wandb": {"runtime": 38}}