{"train/loss": 82864.703125, "train/bits_per_dim": 1.328316569328308, "train/mean_loss": 0.9207189083099365, "_timestamp": 1741012064.4697652, "_runtime": 229.29413509368896, "_step": 1001, "validation/loss": 83011.28601634175, "validation/bits_per_dim": 1.3304696083068848, "validation/mahalanobis_distance": 589.09375, "Reconstructed Images": {"_type": "image-file", "sha256": "22e41a06eb01f73053bb88a13b8f6e1b0014cfe24e1d1a3ec95324e50b4dd09c", "size": 14628, "path": "media/images/Reconstructed Images_1001_22e41a06eb01f73053bb.png", "format": "png", "width": 800, "height": 400}, "_wandb": {"runtime": 230}}