{"train/loss": 80954.015625, "train/bits_per_dim": 1.297688364982605, "_timestamp": 1740399744.1914606, "_runtime": 209.6031036376953, "_step": 1001, "validation/loss": 81005.45009676032, "validation/bits_per_dim": 1.2990450859069824, "Reconstructed Images": {"_type": "image-file", "sha256": "76dea2c6a2d0a8222b22629f255f1d0749e3cf3f2227fc6c37df3d65ade99b9a", "size": 15751, "path": "media/images/Reconstructed Images_1001_76dea2c6a2d0a8222b22.png", "format": "png", "width": 800, "height": 400}, "_wandb": {"runtime": 210}}