{"train/loss": 82299.4921875, "train/bits_per_dim": 1.31925630569458, "train/mean_loss": 0.914438784122467, "_timestamp": 1741011005.7826097, "_runtime": 1392.6498568058014, "_step": 999, "_wandb": {"runtime": 1393}}