{"train/loss": 9209.603515625, "train/bits_per_dim": 0.14762942492961884, "train/mean_loss": 0.9209603071212769, "_timestamp": 1741013527.7334642, "_runtime": 79.64272713661194, "_step": 999, "_wandb": {"runtime": 79}}