{"train/loss": 83845.453125, "train/bits_per_dim": 1.3440378904342651, "train/mean_loss": 0.9316161274909973, "_timestamp": 1742656274.8620305, "_runtime": 122.63218450546265, "_step": 999, "_wandb": {"runtime": 122}}