{"train/loss": 83829.9375, "train/bits_per_dim": 1.3437892198562622, "train/mean_loss": 0.9314437508583069, "_timestamp": 1742654328.2322683, "_runtime": 86.51131534576416, "_step": 999, "_wandb": {"runtime": 86}}