{"train/loss": 83441.7734375, "train/bits_per_dim": 1.3375669717788696, "train/mean_loss": 0.9271308183670044, "_timestamp": 1741012551.253847, "_runtime": 197.10590887069702, "_step": 1001, "validation/loss": 82992.93490180619, "validation/bits_per_dim": 1.3304940462112427, "validation/mahalanobis_distance": 592.140625, "Reconstructed Images": {"_type": "image-file", "sha256": "063e24e991b3b23b570daca9c9e75dc36d6521ffe2c67d2d7c16ac214d851234", "size": 18501, "path": "media/images/Reconstructed Images_1001_063e24e991b3b23b570d.png", "format": "png", "width": 800, "height": 400}, "_wandb": {"runtime": 197}}