{"train/loss": 83327.2265625, "train/bits_per_dim": 1.335730791091919, "_timestamp": 1740400533.4596372, "_runtime": 107.82404923439026, "_step": 1001, "validation/loss": 82968.48186639909, "validation/bits_per_dim": 1.3304784297943115, "Reconstructed Images": {"_type": "image-file", "sha256": "0c52200897bbb1bdc5722f010c3b095d8fc3664978c5cb7fcfa25ef6da0028ca", "size": 15158, "path": "media/images/Reconstructed Images_1001_0c52200897bbb1bdc572.png", "format": "png", "width": 800, "height": 400}, "_wandb": {"runtime": 107}}