{"train/loss": 80948.15625, "train/bits_per_dim": 1.297594428062439, "train/mean_loss": 0.8994239568710327, "_timestamp": 1741013346.4865751, "_runtime": 156.8521761894226, "_step": 999, "_wandb": {"runtime": 156}}