{"train/loss": 82175.5390625, "train/bits_per_dim": 1.3172693252563477, "train/mean_loss": 0.9130615592002869, "_timestamp": 1741012859.411085, "_runtime": 940.6900789737701, "_step": 999, "_wandb": {"runtime": 940}}