{"train/loss": 83314.90625, "train/bits_per_dim": 1.3355332612991333, "train/mean_loss": 0.9257211685180664, "_timestamp": 1741012917.0343862, "_runtime": 167.59960412979126, "_step": 1001, "validation/loss": 83041.7325831422, "validation/bits_per_dim": 1.331868052482605, "validation/mahalanobis_distance": 763.578125, "Reconstructed Images": {"_type": "image-file", "sha256": "4780578c94b77e838ce13d0d66f47f6d8aaf9f6715b902a39cc8cf3092cef0ad", "size": 14473, "path": "media/images/Reconstructed Images_1001_4780578c94b77e838ce1.png", "format": "png", "width": 800, "height": 400}, "_wandb": {"runtime": 168}}