{"train/loss": 82904.65625, "train/bits_per_dim": 1.328956961631775, "train/mean_loss": 0.9211628437042236, "_timestamp": 1741005072.4593592, "_runtime": 107.61611008644104, "_step": 1001, "validation/loss": 83158.93011754587, "validation/bits_per_dim": 1.333614706993103, "validation/mahalanobis_distance": 981.5, "Reconstructed Images": {"_type": "image-file", "sha256": "5c33aa44760e117554d3b2d6b789634610e543dcad4f29ee87dc4973d37049eb", "size": 13001, "path": "media/images/Reconstructed Images_1001_5c33aa44760e117554d3.png", "format": "png", "width": 800, "height": 400}, "_wandb": {"runtime": 107}}