{"train/loss": 82836.078125, "train/bits_per_dim": 1.3278577327728271, "train/mean_loss": 0.920400857925415, "_timestamp": 1741011076.870442, "_runtime": 49.3109769821167, "_step": 29}