{"train/loss": 82904.21875, "train/bits_per_dim": 1.328950047492981, "train/mean_loss": 0.9211580157279968, "_timestamp": 1742656549.5930958, "_runtime": 38.87067484855652, "_step": 999, "_wandb": {"runtime": 43}}