{"train/loss": 82164.796875, "train/bits_per_dim": 1.3170970678329468, "train/mean_loss": 0.9129421710968018, "_timestamp": 1741011901.8895445, "_runtime": 978.1603465080261, "_step": 999, "_wandb": {"runtime": 978}}