{"train/loss": 83064.1328125, "train/bits_per_dim": 1.3315134048461914, "train/mean_loss": 0.9229348301887512, "_timestamp": 1741011101.0744784, "_runtime": 502.7906484603882, "_step": 484}