{"train/loss": 82841.1484375, "train/bits_per_dim": 1.3279390335083008, "train/mean_loss": 0.9204572439193726, "_timestamp": 1742655977.9547265, "_runtime": 164.44435739517212, "_step": 999, "_wandb": {"runtime": 164}}