{"train/loss": 83154.7421875, "train/bits_per_dim": 1.3329658508300781, "train/mean_loss": 0.9239416122436523, "_timestamp": 1742656424.0648885, "_runtime": 39.7432074546814, "_step": 999, "_wandb": {"runtime": 44}}