{"train/loss": 83122.578125, "train/bits_per_dim": 1.332450270652771, "train/mean_loss": 0.9235842227935791, "_timestamp": 1741004807.771912, "_runtime": 117.07976007461548, "_step": 1001, "validation/loss": 82956.15727135894, "validation/bits_per_dim": 1.3304771184921265, "validation/mahalanobis_distance": 590.03125, "Reconstructed Images": {"_type": "image-file", "sha256": "1b2f8091a20699dd6c42b0cd81a9f30ceea73e70fc67d95d5521f4c270c0c0ea", "size": 15115, "path": "media/images/Reconstructed Images_1001_1b2f8091a20699dd6c42.png", "format": "png", "width": 800, "height": 400}, "_wandb": {"runtime": 117}}