{"train/loss": 87017.3984375, "train/bits_per_dim": 1.3948839902877808, "train/mean_loss": 0.9668599963188171, "_timestamp": 1742654824.6789625, "_runtime": 90.15685653686523, "_step": 999, "_wandb": {"runtime": 94}}