{"train/loss": 83013.1484375, "train/bits_per_dim": 1.3306961059570312, "train/mean_loss": 0.9223683476448059, "_timestamp": 1742660049.9338331, "_runtime": 32.11554312705994, "_step": 999, "_wandb": {"runtime": 32}}