{"train/loss": 83362.6640625, "train/bits_per_dim": 1.3362988233566284, "train/mean_loss": 0.9262518286705017, "_timestamp": 1741004667.6481276, "_runtime": 147.52405762672424, "_step": 1001, "validation/loss": 82961.15374139909, "validation/bits_per_dim": 1.3309202194213867, "validation/mahalanobis_distance": 645.3125, "Reconstructed Images": {"_type": "image-file", "sha256": "d2828b1da8c20c76dc8c4e8ef382da5e4ebbd3cec94bbbb5f0e1d9e2abcfb91b", "size": 13238, "path": "media/images/Reconstructed Images_1001_d2828b1da8c20c76dc8c.png", "format": "png", "width": 800, "height": 400}, "_wandb": {"runtime": 148}}