{"train/loss": 83394.28125, "train/bits_per_dim": 1.3368057012557983, "train/mean_loss": 0.9266031384468079, "_timestamp": 1742655268.8523128, "_runtime": 155.69101977348328, "_step": 999, "_wandb": {"runtime": 155}}