{"train/loss": 83268.2421875, "train/bits_per_dim": 1.3347852230072021, "train/mean_loss": 0.9252027273178101, "_timestamp": 1742656411.8700347, "_runtime": 118.90216875076294, "_step": 999, "_wandb": {"runtime": 118}}