{"train/loss": 82912.6796875, "train/bits_per_dim": 1.3290855884552002, "train/mean_loss": 0.9212520122528076, "_timestamp": 1741005077.6548665, "_runtime": 108.32302236557007, "_step": 1001, "validation/loss": 83045.76282970184, "validation/bits_per_dim": 1.3326441049575806, "validation/mahalanobis_distance": 860.40625, "Reconstructed Images": {"_type": "image-file", "sha256": "d7d7733ad64c8549bdd948e678508cef5faac8cd30d59e5867cee2e56db01399", "size": 15305, "path": "media/images/Reconstructed Images_1001_d7d7733ad64c8549bdd9.png", "format": "png", "width": 800, "height": 400}, "_wandb": {"runtime": 108}}