{"train/loss": 82698.921875, "train/bits_per_dim": 1.325659155845642, "train/mean_loss": 0.9188769459724426, "_timestamp": 1742655236.4569223, "_runtime": 129.9806523323059, "_step": 999, "_wandb": {"runtime": 129}}