{"train/loss": 80900.625, "train/bits_per_dim": 1.2968324422836304, "train/mean_loss": 0.8988958597183228, "_timestamp": 1741013785.5576174, "_runtime": 119.58037233352661, "_step": 999, "_wandb": {"runtime": 119}}