{"train/loss": 82846.484375, "train/bits_per_dim": 1.3280245065689087, "train/mahalanobis_distance": 284.03125, "_timestamp": 1740489257.5861423, "_runtime": 163.69032430648804, "_step": 1001, "validation/loss": 83136.52241614106, "validation/bits_per_dim": 1.3335572481155396, "validation/mahalanobis_distance": 974.328125, "Reconstructed Images": {"_type": "image-file", "sha256": "aa7762fef940ca285006eaf842f9bf24ce2796bf89593398d69423b8b56ff244", "size": 13640, "path": "media/images/Reconstructed Images_1001_aa7762fef940ca285006.png", "format": "png", "width": 800, "height": 400}, "_wandb": {"runtime": 164}}