{"train/loss": 9213.4091796875, "train/bits_per_dim": 0.14769043028354645, "train/mean_loss": 0.9213408827781677, "_timestamp": 1741013657.093216, "_runtime": 41.19437289237976, "_step": 999, "_wandb": {"runtime": 40}}