{"train/loss": 82859.421875, "train/bits_per_dim": 1.328231930732727, "train/mean_loss": 0.9206602573394775, "_timestamp": 1741004946.110755, "_runtime": 112.48501396179199, "_step": 1001, "validation/loss": 82952.99362098624, "validation/bits_per_dim": 1.330152153968811, "validation/mahalanobis_distance": 549.484375, "Reconstructed Images": {"_type": "image-file", "sha256": "b62627d181f64a3506cd920a2f9a27040ab4c5ccd9a65e7fac3a066ffc78f206", "size": 16493, "path": "media/images/Reconstructed Images_1001_b62627d181f64a3506cd.png", "format": "png", "width": 800, "height": 400}, "_wandb": {"runtime": 112}}