{"train/loss": 82948.625, "train/bits_per_dim": 1.3296618461608887, "train/mean_loss": 0.9216514229774475, "_timestamp": 1741004811.091331, "_runtime": 118.20877695083618, "_step": 1001, "validation/loss": 83510.81196244266, "validation/bits_per_dim": 1.3421823978424072, "validation/mahalanobis_distance": 2050.453125, "Reconstructed Images": {"_type": "image-file", "sha256": "b23556af5dcb084fbd2b524e9187f1aaf6c1644470d63145d383226c74e89230", "size": 20480, "path": "media/images/Reconstructed Images_1001_b23556af5dcb084fbd2b.png", "format": "png", "width": 800, "height": 400}, "_wandb": {"runtime": 118}}