{"train/loss": 82236.265625, "train/bits_per_dim": 1.3182427883148193, "train/mean_loss": 0.9137362837791443, "_timestamp": 1741007015.4114943, "_runtime": 934.4509572982788, "_step": 999, "_wandb": {"runtime": 934}}